ID,Title,classA,classB,Status
2151,,,,auto-draft
2152,自动草稿,,,auto-draft
2184,自动草稿,,,auto-draft
2195,自动草稿,,,auto-draft
2201,a02a00005,a,02a,publish
2202,a02a00004,a,02a,publish
2203,a02a00003,a,02a,publish
2204,a02a00002,a,02a,publish
2205,a02a00001,a,02a,publish
2206,a01a00005,a,01a,publish
2207,a01a00004,a,01a,publish
2208,a01a00003,a,01a,publish
2209,a01a00002,a,01a,publish
2210,a01a00001,a,01a,publish
2236,b11a10012,b,11a,publish
2237,b11a10015,b,11a,publish
2238,b00156789,b,001,publish
2239,b00156786,b,001,publish
2240,b00156788,b,001,publish
2244,a03a00005,a,03a,publish
2245,a03a00004,a,03a,publish
2246,a03a00003,a,03a,publish
2247,a03a00002,a,03a,publish
2248,a03a00001,a,03a,publish
